
-- TEST CREDENTIAL FOR USERS
-- Inserting 4 users
INSERT INTO USERS (NAME, EMAIL, BIO, WORK_TYPE, PROFILE_PIC) VALUES 
('Alice', 'alice@example.com', 'Bio for Alice', 'Developer', 'profile_pic_alice.jpg'),
('Bob', 'bob@example.com', 'Bio for Bob', 'Designer', 'profile_pic_bob.jpg'),
('Charlie', 'charlie@example.com', 'Bio for Charlie', 'Manager', 'profile_pic_charlie.jpg'),
('Dave', 'dave@example.com', 'Bio for Dave', 'Tester', 'profile_pic_dave.jpg'),
('Eve', 'eve@example.com', 'Bio for Eve', 'Developer', 'profile_pic_eve.jpg'),
('Frank', 'frank@example.com', 'Bio for Frank', 'Designer', 'profile_pic_frank.jpg'),
('Grace', 'grace@example.com', 'Bio for Grace', 'Manager', 'profile_pic_grace.jpg'),
('Hank', 'hank@example.com', 'Bio for Hank', 'Tester', 'profile_pic_hank.jpg');


-- Adding social links (2 for 2 users and 1 user with no social links)
INSERT INTO SOCIAL_LINKS (USER_EMAIL, LINK) VALUES 
('alice@example.com', 'https://twitter.com/alice'),
('alice@example.com', 'https://linkedin.com/in/alice'),
('bob@example.com', 'https://twitter.com/bob'),
('bob@example.com', 'https://linkedin.com/in/bob'),
('eve@example.com', 'https://twitter.com/eve'),
('eve@example.com', 'https://linkedin.com/in/eve'),
('frank@example.com', 'https://twitter.com/frank'),
('frank@example.com', 'https://linkedin.com/in/frank'),
('alice@example.com', 'https://twitter.com/alice'),
('alice@example.com', 'https://linkedin.com/in/alice'),
('alice@example.com', 'https://facebook.com/alice'),
('bob@example.com', 'https://twitter.com/bob'),
('bob@example.com', 'https://linkedin.com/in/bob'),
('bob@example.com', 'https://facebook.com/bob'),
('eve@example.com', 'https://twitter.com/eve'),
('eve@example.com', 'https://linkedin.com/in/eve'),
('frank@example.com', 'https://twitter.com/frank'),
('frank@example.com', 'https://linkedin.com/in/frank'),
('frank@example.com', 'https://instagram.com/frank'),
('grace@example.com', 'https://twitter.com/grace'),
('grace@example.com', 'https://linkedin.com/in/grace'),
('hank@example.com', 'https://twitter.com/hank'),
('hank@example.com', 'https://linkedin.com/in/hank');


-- Assigning followers randomly
INSERT INTO FOLLOWERS (USER_EMAIL, FOLLOWER_EMAIL) VALUES 
('alice@example.com', 'bob@example.com'),
('bob@example.com', 'alice@example.com'),
('charlie@example.com', 'dave@example.com'),
('dave@example.com', 'charlie@example.com'),
('eve@example.com', 'grace@example.com'),
('grace@example.com', 'eve@example.com'),
('frank@example.com', 'hank@example.com'),
('hank@example.com', 'frank@example.com'),
('alice@example.com', 'grace@example.com'),
('alice@example.com', 'hank@example.com'),
('bob@example.com', 'eve@example.com'),
('bob@example.com', 'grace@example.com'),
('charlie@example.com', 'bob@example.com'),
('charlie@example.com', 'hank@example.com'),
('dave@example.com', 'alice@example.com'),
('dave@example.com', 'eve@example.com'),
('eve@example.com', 'charlie@example.com'),
('frank@example.com', 'dave@example.com'),
('grace@example.com', 'alice@example.com'),
('hank@example.com', 'bob@example.com'),
('eve@example.com', 'hank@example.com'),
('frank@example.com', 'grace@example.com'),
('grace@example.com', 'frank@example.com');
-- Adding 3 blogs with their images, search keys, likes, and comments
INSERT INTO BLOGS (ID, USER_EMAIL, HEADER, INTRO, INTRO_IMAGE, BODY) VALUES 
('blog1', 'alice@example.com', 'Blog 1 Header', 'Intro for blog 1', 'intro_image_blog1.jpg', 'Body of blog 1'),
('blog2', 'bob@example.com', 'Blog 2 Header', 'Intro for blog 2', 'intro_image_blog2.jpg', 'Body of blog 2'),
('blog3', 'charlie@example.com', 'Blog 3 Header', 'Intro for blog 3', 'intro_image_blog3.jpg', 'Body of blog 3'),
('blog4', 'eve@example.com', 'Blog 4 Header', 'Intro for blog 4', 'intro_image_blog4.jpg', 'Body of blog 4'),
('blog5', 'frank@example.com', 'Blog 5 Header', 'Intro for blog 5', 'intro_image_blog5.jpg', 'Body of blog 5'),
('blog6', 'grace@example.com', 'Blog 6 Header', 'Intro for blog 6', 'intro_image_blog6.jpg', 'Body of blog 6'),
('blog7', 'hank@example.com', 'Blog 7 Header', 'Intro for blog 7', 'intro_image_blog7.jpg', 'Body of blog 7'),
('blog8', 'eve@example.com', 'Blog 8 Header', 'Intro for blog 8', 'intro_image_blog8.jpg', 'Body of blog 8'),
('blog9', 'frank@example.com', 'Blog 9 Header', 'Intro for blog 9', 'intro_image_blog9.jpg', 'Body of blog 9'),
('blog10', 'grace@example.com', 'Blog 10 Header', 'Intro for blog 10', 'intro_image_blog10.jpg', 'Body of blog 10'),
('blog11', 'hank@example.com', 'Blog 11 Header', 'Intro for blog 11', 'intro_image_blog11.jpg', 'Body of blog 11'),
('blog12', 'eve@example.com', 'Blog 12 Header', 'Intro for blog 12', 'intro_image_blog12.jpg', 'Body of blog 12'),
('blog13', 'frank@example.com', 'Blog 13 Header', 'Intro for blog 13', 'intro_image_blog13.jpg', 'Body of blog 13'),
('blog14', 'grace@example.com', 'Blog 14 Header', 'Intro for blog 14', 'intro_image_blog14.jpg', 'Body of blog 14'),
('blog15', 'hank@example.com', 'Blog 15 Header', 'Intro for blog 15', 'intro_image_blog15.jpg', 'Body of blog 15'),
('blog16', 'eve@example.com', 'Blog 16 Header', 'Intro for blog 16', 'intro_image_blog16.jpg', 'Body of blog 16'),
('blog17', 'alice@example.com', 'Blog 17 Header', 'Intro for blog 17', 'intro_image_blog17.jpg', 'Body of blog 17'),
('blog18', 'alice@example.com', 'Blog 18 Header', 'Intro for blog 18', 'intro_image_blog18.jpg', 'Body of blog 18'),
('blog19', 'alice@example.com', 'Blog 19 Header', 'Intro for blog 19', 'intro_image_blog19.jpg', 'Body of blog 19'),
('blog20', 'alice@example.com', 'Blog 20 Header', 'Intro for blog 20', 'intro_image_blog20.jpg', 'Body of blog 20'),
('blog21', 'alice@example.com', 'Blog 21 Header', 'Intro for blog 21', 'intro_image_blog21.jpg', 'Body of blog 21'),
('blog22', 'alice@example.com', 'Blog 22 Header', 'Intro for blog 22', 'intro_image_blog22.jpg', 'Body of blog 22'),
('blog23', 'alice@example.com', 'Blog 23 Header', 'Intro for blog 23', 'intro_image_blog23.jpg', 'Body of blog 23'),
('blog24', 'alice@example.com', 'Blog 24 Header', 'Intro for blog 24', 'intro_image_blog24.jpg', 'Body of blog 24'),
('blog25', 'alice@example.com', 'Blog 25 Header', 'Intro for blog 25', 'intro_image_blog25.jpg', 'Body of blog 25'),
('blog26', 'alice@example.com', 'Blog 26 Header', 'Intro for blog 26', 'intro_image_blog26.jpg', 'Body of blog 26'),
('blog27', 'alice@example.com', 'Blog 27 Header', 'Intro for blog 27', 'intro_image_blog27.jpg', 'Body of blog 27'),
('blog28', 'alice@example.com', 'Blog 28 Header', 'Intro for blog 28', 'intro_image_blog28.jpg', 'Body of blog 28'),
('blog29', 'alice@example.com', 'Blog 29 Header', 'Intro for blog 29', 'intro_image_blog29.jpg', 'Body of blog 29'),
('blog30', 'alice@example.com', 'Blog 30 Header', 'Intro for blog 30', 'intro_image_blog30.jpg', 'Body of blog 30'),
('blog31', 'alice@example.com', 'Blog 31 Header', 'Intro for blog 31', 'intro_image_blog31.jpg', 'Body of blog 31'),
('blog32', 'alice@example.com', 'Blog 32 Header', 'Intro for blog 32', 'intro_image_blog32.jpg', 'Body of blog 32'),
('blog33', 'bob@example.com', 'Blog 33 Header', 'Intro for blog 33', 'intro_image_blog33.jpg', 'Body of blog 33'),
('blog34', 'charlie@example.com', 'Blog 34 Header', 'Intro for blog 34', 'intro_image_blog34.jpg', 'Body of blog 34'),
('blog35', 'dave@example.com', 'Blog 35 Header', 'Intro for blog 35', 'intro_image_blog35.jpg', 'Body of blog 35'),
('blog36', 'eve@example.com', 'Blog 36 Header', 'Intro for blog 36', 'intro_image_blog36.jpg', 'Body of blog 36'),
('blog37', 'frank@example.com', 'Blog 37 Header', 'Intro for blog 37', 'intro_image_blog37.jpg', 'Body of blog 37'),
('blog38', 'grace@example.com', 'Blog 38 Header', 'Intro for blog 38', 'intro_image_blog38.jpg', 'Body of blog 38'),
('blog39', 'hank@example.com', 'Blog 39 Header', 'Intro for blog 39', 'intro_image_blog39.jpg', 'Body of blog 39'),
('blog40', 'bob@example.com', 'Blog 40 Header', 'Intro for blog 40', 'intro_image_blog40.jpg', 'Body of blog 40'),
('blog41', 'charlie@example.com', 'Blog 41 Header', 'Intro for blog 41', 'intro_image_blog41.jpg', 'Body of blog 41'),
('blog42', 'dave@example.com', 'Blog 42 Header', 'Intro for blog 42', 'intro_image_blog42.jpg', 'Body of blog 42'),
('blog43', 'eve@example.com', 'Blog 43 Header', 'Intro for blog 43', 'intro_image_blog43.jpg', 'Body of blog 43'),
('blog44', 'frank@example.com', 'Blog 44 Header', 'Intro for blog 44', 'intro_image_blog44.jpg', 'Body of blog 44'),
('blog45', 'grace@example.com', 'Blog 45 Header', 'Intro for blog 45', 'intro_image_blog45.jpg', 'Body of blog 45'),
('blog46', 'hank@example.com', 'Blog 46 Header', 'Intro for blog 46', 'intro_image_blog46.jpg', 'Body of blog 46'),
('blog47', 'bob@example.com', 'Blog 47 Header', 'Intro for blog 47', 'intro_image_blog47.jpg', 'Body of blog 47'),
('blog48', 'charlie@example.com', 'Blog 48 Header', 'Intro for blog 48', 'intro_image_blog48.jpg', 'Body of blog 48'),
('blog49', 'dave@example.com', 'Blog 49 Header', 'Intro for blog 49', 'intro_image_blog49.jpg', 'Body of blog 49'),
('blog50', 'eve@example.com', 'Blog 50 Header', 'Intro for blog 50', 'intro_image_blog50.jpg', 'Body of blog 50'),
('blog51', 'frank@example.com', 'Blog 51 Header', 'Intro for blog 51', 'intro_image_blog51.jpg', 'Body of blog 51'),
('blog52', 'grace@example.com', 'Blog 52 Header', 'Intro for blog 52', 'intro_image_blog52.jpg', 'Body of blog 52'),
('blog53', 'hank@example.com', 'Blog 53 Header', 'Intro for blog 53', 'intro_image_blog53.jpg', 'Body of blog 53'),
('blog54', 'bob@example.com', 'Blog 54 Header', 'Intro for blog 54', 'intro_image_blog54.jpg', 'Body of blog 54'),
('blog55', 'charlie@example.com', 'Blog 55 Header', 'Intro for blog 55', 'intro_image_blog55.jpg', 'Body of blog 55'),
('blog56', 'dave@example.com', 'Blog 56 Header', 'Intro for blog 56', 'intro_image_blog56.jpg', 'Body of blog 56'),
('blog57', 'eve@example.com', 'Blog 57 Header', 'Intro for blog 57', 'intro_image_blog57.jpg', 'Body of blog 57'),
('blog58', 'frank@example.com', 'Blog 58 Header', 'Intro for blog 58', 'intro_image_blog58.jpg', 'Body of blog 58'),
('blog59', 'grace@example.com', 'Blog 59 Header', 'Intro for blog 59', 'intro_image_blog59.jpg', 'Body of blog 59'),
('blog60', 'hank@example.com', 'Blog 60 Header', 'Intro for blog 60', 'intro_image_blog60.jpg', 'Body of blog 60'),
('blog61', 'bob@example.com', 'Blog 61 Header', 'Intro for blog 61', 'intro_image_blog61.jpg', 'Body of blog 61'),
('blog62', 'charlie@example.com', 'Blog 62 Header', 'Intro for blog 62', 'intro_image_blog62.jpg', 'Body of blog 62'),
('blog63', 'dave@example.com', 'Blog 63 Header', 'Intro for blog 63', 'intro_image_blog63.jpg', 'Body of blog 63'),
('blog64', 'eve@example.com', 'Blog 64 Header', 'Intro for blog 64', 'intro_image_blog64.jpg', 'Body of blog 64'),
('blog65', 'frank@example.com', 'Blog 65 Header', 'Intro for blog 65', 'intro_image_blog65.jpg', 'Body of blog 65'),
('blog66', 'grace@example.com', 'Blog 66 Header', 'Intro for blog 66', 'intro_image_blog66.jpg', 'Body of blog 66'),
('blog67', 'hank@example.com', 'Blog 67 Header', 'Intro for blog 67', 'intro_image_blog67.jpg', 'Body of blog 67'),
('blog68', 'bob@example.com', 'Blog 68 Header', 'Intro for blog 68', 'intro_image_blog68.jpg', 'Body of blog 68'),
('blog69', 'charlie@example.com', 'Blog 69 Header', 'Intro for blog 69', 'intro_image_blog69.jpg', 'Body of blog 69'),
('blog70', 'dave@example.com', 'Blog 70 Header', 'Intro for blog 70', 'intro_image_blog70.jpg', 'Body of blog 70'),
('blog71', 'eve@example.com', 'Blog 71 Header', 'Intro for blog 71', 'intro_image_blog71.jpg', 'Body of blog 71'),
('blog72', 'frank@example.com', 'Blog 72 Header', 'Intro for blog 72', 'intro_image_blog72.jpg', 'Body of blog 72'),
('blog73', 'grace@example.com', 'Blog 73 Header', 'Intro for blog 73', 'intro_image_blog73.jpg', 'Body of blog 73'),
('blog74', 'hank@example.com', 'Blog 74 Header', 'Intro for blog 74', 'intro_image_blog74.jpg', 'Body of blog 74'),
('blog75', 'bob@example.com', 'Blog 75 Header', 'Intro for blog 75', 'intro_image_blog75.jpg', 'Body of blog 75'),
('blog76', 'charlie@example.com', 'Blog 76 Header', 'Intro for blog 76', 'intro_image_blog76.jpg', 'Body of blog 76'),
('blog77', 'dave@example.com', 'Blog 77 Header', 'Intro for blog 77', 'intro_image_blog77.jpg', 'Body of blog 77'),
('blog78', 'eve@example.com', 'Blog 78 Header', 'Intro for blog 78', 'intro_image_blog78.jpg', 'Body of blog 78'),
('blog79', 'frank@example.com', 'Blog 79 Header', 'Intro for blog 79', 'intro_image_blog79.jpg', 'Body of blog 79'),
('blog80', 'grace@example.com', 'Blog 80 Header', 'Intro for blog 80', 'intro_image_blog80.jpg', 'Body of blog 80'),
('blog81', 'hank@example.com', 'Blog 81 Header', 'Intro for blog 81', 'intro_image_blog81.jpg', 'Body of blog 81'),
('blog82', 'bob@example.com', 'Blog 82 Header', 'Intro for blog 82', 'intro_image_blog82.jpg', 'Body of blog 82');


-- Adding images for blogs
INSERT INTO BLOG_IMAGES (BLOG_ID, IMAGE_LINK) VALUES 
('blog1', 'image1_blog1.jpg'),
('blog1', 'image2_blog1.jpg'),
('blog2', 'image1_blog2.jpg'),
('blog2', 'image2_blog2.jpg'),
('blog3', 'image1_blog3.jpg'),
('blog3', 'image2_blog3.jpg'),
('blog4', 'image1_blog4.jpg'),
('blog4', 'image2_blog4.jpg'),
('blog5', 'image1_blog5.jpg'),
('blog5', 'image2_blog5.jpg'),
('blog6', 'image1_blog6.jpg'),
('blog6', 'image2_blog6.jpg'),
('blog7', 'image1_blog7.jpg'),
('blog7', 'image2_blog7.jpg'),
('blog8', 'image1_blog8.jpg'),
('blog8', 'image2_blog8.jpg'),
('blog9', 'image1_blog9.jpg'),
('blog9', 'image2_blog9.jpg'),
('blog10', 'image1_blog10.jpg'),
('blog10', 'image2_blog10.jpg'),
('blog11', 'image1_blog11.jpg'),
('blog11', 'image2_blog11.jpg'),
('blog12', 'image1_blog12.jpg'),
('blog12', 'image2_blog12.jpg'),
('blog13', 'image1_blog13.jpg'),
('blog13', 'image2_blog13.jpg'),
('blog14', 'image1_blog14.jpg'),
('blog14', 'image2_blog14.jpg'),
('blog15', 'image1_blog15.jpg'),
('blog15', 'image2_blog15.jpg'),
('blog16', 'image1_blog16.jpg'),
('blog16', 'image2_blog16.jpg'),
('blog17', 'image1_blog17.jpg'),
('blog17', 'image2_blog17.jpg'),
('blog18', 'image1_blog18.jpg'),
('blog18', 'image2_blog18.jpg'),
('blog19', 'image1_blog19.jpg'),
('blog19', 'image2_blog19.jpg'),
('blog20', 'image1_blog20.jpg'),
('blog20', 'image2_blog20.jpg'),
('blog21', 'image1_blog21.jpg'),
('blog21', 'image2_blog21.jpg'),
('blog22', 'image1_blog22.jpg'),
('blog22', 'image2_blog22.jpg'),
('blog23', 'image1_blog23.jpg'),
('blog23', 'image2_blog23.jpg'),
('blog24', 'image1_blog24.jpg'),
('blog24', 'image2_blog24.jpg'),
('blog25', 'image1_blog25.jpg'),
('blog25', 'image2_blog25.jpg'),
('blog26', 'image1_blog26.jpg'),
('blog26', 'image2_blog26.jpg'),
('blog27', 'image1_blog27.jpg'),
('blog27', 'image2_blog27.jpg'),
('blog28', 'image1_blog28.jpg'),
('blog28', 'image2_blog28.jpg'),
('blog29', 'image1_blog29.jpg'),
('blog29', 'image2_blog29.jpg'),
('blog30', 'image1_blog30.jpg'),
('blog30', 'image2_blog30.jpg'),
('blog31', 'image1_blog31.jpg'),
('blog31', 'image2_blog31.jpg'),
('blog32', 'image1_blog32.jpg'),
('blog32', 'image2_blog32.jpg'),
('blog33', 'image1_blog33.jpg'),
('blog33', 'image2_blog33.jpg'),
('blog34', 'image1_blog34.jpg'),
('blog34', 'image2_blog34.jpg'),
('blog35', 'image1_blog35.jpg'),
('blog35', 'image2_blog35.jpg'),
('blog36', 'image1_blog36.jpg'),
('blog36', 'image2_blog36.jpg'),
('blog37', 'image1_blog37.jpg'),
('blog37', 'image2_blog37.jpg'),
('blog38', 'image1_blog38.jpg'),
('blog38', 'image2_blog38.jpg'),
('blog39', 'image1_blog39.jpg'),
('blog39', 'image2_blog39.jpg'),
('blog40', 'image1_blog40.jpg'),
('blog40', 'image2_blog40.jpg'),
('blog41', 'image1_blog41.jpg'),
('blog41', 'image2_blog41.jpg'),
('blog42', 'image1_blog42.jpg'),
('blog42', 'image2_blog42.jpg'),
('blog43', 'image1_blog43.jpg'),
('blog43', 'image2_blog43.jpg'),
('blog44', 'image1_blog44.jpg'),
('blog44', 'image2_blog44.jpg'),
('blog45', 'image1_blog45.jpg'),
('blog45', 'image2_blog45.jpg'),
('blog46', 'image1_blog46.jpg'),
('blog46', 'image2_blog46.jpg'),
('blog47', 'image1_blog47.jpg'),
('blog47', 'image2_blog47.jpg'),
('blog48', 'image1_blog48.jpg'),
('blog48', 'image2_blog48.jpg'),
('blog49', 'image1_blog49.jpg'),
('blog49', 'image2_blog49.jpg'),
('blog50', 'image1_blog50.jpg'),
('blog50', 'image2_blog50.jpg'),
('blog51', 'image1_blog51.jpg'),
('blog51', 'image2_blog51.jpg'),
('blog52', 'image1_blog52.jpg'),
('blog52', 'image2_blog52.jpg'),
('blog53', 'image1_blog53.jpg'),
('blog53', 'image2_blog53.jpg'),
('blog54', 'image1_blog54.jpg'),
('blog54', 'image2_blog54.jpg'),
('blog55', 'image1_blog55.jpg'),
('blog55', 'image2_blog55.jpg'),
('blog56', 'image1_blog56.jpg'),
('blog56', 'image2_blog56.jpg'),
('blog57', 'image1_blog57.jpg'),
('blog57', 'image2_blog57.jpg'),
('blog58', 'image1_blog58.jpg'),
('blog58', 'image2_blog58.jpg'),
('blog59', 'image1_blog59.jpg'),
('blog59', 'image2_blog59.jpg'),
('blog60', 'image1_blog60.jpg'),
('blog60', 'image2_blog60.jpg'),
('blog61', 'image1_blog61.jpg'),
('blog61', 'image2_blog61.jpg'),
('blog62', 'image1_blog62.jpg'),
('blog62', 'image2_blog62.jpg'),
('blog63', 'image1_blog63.jpg'),
('blog63', 'image2_blog63.jpg'),
('blog64', 'image1_blog64.jpg'),
('blog64', 'image2_blog64.jpg'),
('blog65', 'image1_blog65.jpg'),
('blog65', 'image2_blog65.jpg'),
('blog66', 'image1_blog66.jpg'),
('blog66', 'image2_blog66.jpg'),
('blog67', 'image1_blog67.jpg'),
('blog67', 'image2_blog67.jpg'),
('blog68', 'image1_blog68.jpg'),
('blog68', 'image2_blog68.jpg'),
('blog69', 'image1_blog69.jpg'),
('blog69', 'image2_blog69.jpg'),
('blog70', 'image1_blog70.jpg'),
('blog70', 'image2_blog70.jpg'),
('blog71', 'image1_blog71.jpg'),
('blog71', 'image2_blog71.jpg'),
('blog72', 'image1_blog72.jpg'),
('blog72', 'image2_blog72.jpg'),
('blog73', 'image1_blog73.jpg'),
('blog73', 'image2_blog73.jpg'),
('blog74', 'image1_blog74.jpg'),
('blog74', 'image2_blog74.jpg'),
('blog75', 'image1_blog75.jpg'),
('blog75', 'image2_blog75.jpg'),
('blog76', 'image1_blog76.jpg'),
('blog76', 'image2_blog76.jpg'),
('blog77', 'image1_blog77.jpg'),
('blog77', 'image2_blog77.jpg'),
('blog78', 'image1_blog78.jpg'),
('blog78', 'image2_blog78.jpg'),
('blog79', 'image1_blog79.jpg'),
('blog79', 'image2_blog79.jpg'),
('blog80', 'image1_blog80.jpg'),
('blog80', 'image2_blog80.jpg'),
('blog81', 'image1_blog81.jpg'),
('blog81', 'image2_blog81.jpg'),
('blog82', 'image1_blog82.jpg'),
('blog82', 'image2_blog82.jpg');



-- Inserting search keys without USER_EMAIL
INSERT INTO SEARCH_KEY (BLOG_ID, SEARCH_KEY) VALUES 
('blog1', 'TECH'),
('blog1', 'HEALTH'),
('blog1', 'NATURE'),
('blog2', 'DESIGN'),
('blog2', 'ART'),
('blog3', 'FOOD'),
('blog4', 'TRAVEL'),
('blog4', 'LIFESTYLE'),
('blog4', 'CULTURE'),
('blog5', 'MUSIC'),
('blog5', 'PHOTOGRAPHY'),
('blog6', 'MANAGEMENT'),
('blog7', 'TECH'),
('blog7', 'GADGETS'),
('blog7', 'REVIEWS'),
('blog8', 'HEALTH'),
('blog8', 'WELLNESS'),
('blog9', 'DESIGN'),
('blog9', 'INSPIRATION'),
('blog10', 'NATURE'),
('blog10', 'ENVIRONMENT'),
('blog11', 'TECH'),
('blog11', 'INNOVATION'),
('blog12', 'TRAVEL'),
('blog12', 'ADVENTURE'),
('blog13', 'ART'),
('blog13', 'EXHIBITIONS'),
('blog14', 'FOOD'),
('blog14', 'RECIPES'),
('blog15', 'MUSIC'),
('blog15', 'REVIEWS'),
('blog16', 'LIFESTYLE'),
('blog16', 'TIPS'),
('blog17', 'TECH'),
('blog17', 'HEALTH'),
('blog17', 'NATURE'),
('blog18', 'DESIGN'),
('blog18', 'ART'),
('blog19', 'FOOD'),
('blog20', 'TRAVEL'),
('blog20', 'LIFESTYLE'),
('blog20', 'CULTURE'),
('blog21', 'MUSIC'),
('blog21', 'PHOTOGRAPHY'),
('blog22', 'MANAGEMENT'),
('blog23', 'TECH'),
('blog23', 'GADGETS'),
('blog23', 'REVIEWS'),
('blog24', 'HEALTH'),
('blog24', 'WELLNESS'),
('blog25', 'DESIGN'),
('blog25', 'INSPIRATION'),
('blog26', 'NATURE'),
('blog26', 'ENVIRONMENT'),
('blog27', 'TECH'),
('blog27', 'INNOVATION'),
('blog28', 'TRAVEL'),
('blog28', 'ADVENTURE'),
('blog29', 'ART'),
('blog29', 'EXHIBITIONS'),
('blog30', 'FOOD'),
('blog30', 'RECIPES'),
('blog31', 'MUSIC'),
('blog31', 'REVIEWS'),
('blog32', 'LIFESTYLE'),
('blog32', 'TIPS'),
('blog33', 'TECH'),
('blog33', 'HEALTH'),
('blog33', 'NATURE'),
('blog34', 'DESIGN'),
('blog34', 'ART'),
('blog35', 'FOOD'),
('blog36', 'TRAVEL'),
('blog36', 'LIFESTYLE'),
('blog36', 'CULTURE'),
('blog37', 'MUSIC'),
('blog37', 'PHOTOGRAPHY'),
('blog38', 'MANAGEMENT'),
('blog39', 'TECH'),
('blog39', 'GADGETS'),
('blog39', 'REVIEWS'),
('blog40', 'HEALTH'),
('blog40', 'WELLNESS'),
('blog41', 'DESIGN'),
('blog41', 'INSPIRATION'),
('blog42', 'NATURE'),
('blog42', 'ENVIRONMENT'),
('blog43', 'TECH'),
('blog43', 'INNOVATION'),
('blog44', 'TRAVEL'),
('blog44', 'ADVENTURE'),
('blog45', 'ART'),
('blog45', 'EXHIBITIONS'),
('blog46', 'FOOD'),
('blog46', 'RECIPES'),
('blog47', 'MUSIC'),
('blog47', 'REVIEWS'),
('blog48', 'LIFESTYLE'),
('blog48', 'TIPS'),
('blog49', 'TECH'),
('blog49', 'HEALTH'),
('blog50', 'DESIGN'),
('blog50', 'ART'),
('blog51', 'FOOD'),
('blog51', 'TRAVEL'),
('blog51', 'LIFESTYLE'),
('blog52', 'MUSIC'),
('blog52', 'PHOTOGRAPHY'),
('blog53', 'MANAGEMENT'),
('blog54', 'TECH'),
('blog54', 'GADGETS'),
('blog54', 'REVIEWS'),
('blog55', 'HEALTH'),
('blog55', 'WELLNESS'),
('blog56', 'DESIGN'),
('blog56', 'INSPIRATION'),
('blog57', 'NATURE'),
('blog57', 'ENVIRONMENT'),
('blog58', 'TECH'),
('blog58', 'INNOVATION'),
('blog59', 'TRAVEL'),
('blog59', 'ADVENTURE'),
('blog60', 'ART'),
('blog60', 'EXHIBITIONS'),
('blog61', 'FOOD'),
('blog61', 'RECIPES'),
('blog62', 'MUSIC'),
('blog62', 'REVIEWS'),
('blog63', 'LIFESTYLE'),
('blog63', 'TIPS'),
('blog64', 'TECH'),
('blog64', 'HEALTH'),
('blog65', 'DESIGN'),
('blog65', 'ART'),
('blog66', 'FOOD'),
('blog66', 'TRAVEL'),
('blog66', 'LIFESTYLE'),
('blog67', 'MUSIC'),
('blog67', 'PHOTOGRAPHY'),
('blog68', 'MANAGEMENT'),
('blog69', 'TECH'),
('blog69', 'GADGETS'),
('blog69', 'REVIEWS'),
('blog70', 'HEALTH'),
('blog70', 'WELLNESS'),
('blog71', 'DESIGN'),
('blog71', 'INSPIRATION'),
('blog72', 'NATURE'),
('blog72', 'ENVIRONMENT'),
('blog73', 'TECH'),
('blog73', 'HEALTH'),
('blog73', 'NATURE'),
('blog74', 'DESIGN'),
('blog74', 'ART'),
('blog75', 'FOOD'),
('blog76', 'TRAVEL'),
('blog76', 'LIFESTYLE'),
('blog76', 'CULTURE'),
('blog77', 'MUSIC'),
('blog77', 'PHOTOGRAPHY'),
('blog78', 'MANAGEMENT'),
('blog79', 'TECH'),
('blog79', 'GADGETS'),
('blog79', 'REVIEWS'),
('blog80', 'HEALTH'),
('blog80', 'WELLNESS'),
('blog81', 'DESIGN'),
('blog81', 'INSPIRATION'),
('blog82', 'NATURE'),
('blog82', 'ENVIRONMENT');

-- Adding likes for blogs
INSERT INTO BLOG_LIKES (BLOG_ID, USER_EMAIL) VALUES 
('blog1', 'bob@example.com'),
('blog1', 'charlie@example.com'),
('blog2', 'alice@example.com'),
('blog2', 'dave@example.com'),
('blog3', 'alice@example.com'),
('blog3', 'bob@example.com'),
('blog4', 'frank@example.com'),
('blog4', 'grace@example.com'),
('blog5', 'eve@example.com'),
('blog5', 'hank@example.com'),
('blog6', 'eve@example.com'),
('blog6', 'frank@example.com'),
('blog7', 'alice@example.com'),
('blog7', 'bob@example.com'),
('blog8', 'charlie@example.com'),
('blog8', 'dave@example.com'),
('blog9', 'eve@example.com'),
('blog9', 'hank@example.com'),
('blog10', 'frank@example.com'),
('blog10', 'grace@example.com'),
('blog11', 'alice@example.com'),
('blog11', 'bob@example.com'),
('blog12', 'charlie@example.com'),
('blog12', 'dave@example.com'),
('blog13', 'eve@example.com'),
('blog13', 'hank@example.com'),
('blog14', 'frank@example.com'),
('blog14', 'grace@example.com'),
('blog15', 'alice@example.com'),
('blog15', 'bob@example.com'),
('blog16', 'charlie@example.com'),
('blog16', 'dave@example.com'),
('blog1', 'bob@example.com'),
('blog1', 'charlie@example.com'),
('blog1', 'dave@example.com'),
('blog1', 'eve@example.com'),
('blog17', 'frank@example.com'),
('blog17', 'grace@example.com'),
('blog17', 'hank@example.com'),
('blog17', 'bob@example.com'),
('blog18', 'charlie@example.com'),
('blog18', 'dave@example.com'),
('blog18', 'eve@example.com'),
('blog18', 'frank@example.com'),
('blog19', 'alice@example.com'),
('blog19', 'bob@example.com'),
('blog20', 'frank@example.com'),
('blog20', 'grace@example.com'),
('blog21', 'eve@example.com'),
('blog21', 'hank@example.com'),
('blog22', 'eve@example.com'),
('blog22', 'frank@example.com'),
('blog23', 'alice@example.com'),
('blog23', 'bob@example.com'),
('blog24', 'charlie@example.com'),
('blog24', 'dave@example.com'),
('blog25', 'eve@example.com'),
('blog25', 'hank@example.com'),
('blog26', 'frank@example.com'),
('blog26', 'grace@example.com'),
('blog27', 'alice@example.com'),
('blog27', 'bob@example.com'),
('blog28', 'charlie@example.com'),
('blog28', 'dave@example.com'),
('blog29', 'eve@example.com'),
('blog29', 'hank@example.com'),
('blog30', 'frank@example.com'),
('blog30', 'grace@example.com'),
('blog31', 'alice@example.com'),
('blog31', 'bob@example.com'),
('blog32', 'charlie@example.com'),
('blog32', 'dave@example.com'),
('blog33', 'alice@example.com'),
('blog33', 'bob@example.com'),
('blog34', 'charlie@example.com'),
('blog34', 'dave@example.com'),
('blog35', 'alice@example.com'),
('blog35', 'bob@example.com'),
('blog36', 'frank@example.com'),
('blog36', 'grace@example.com'),
('blog37', 'eve@example.com'),
('blog37', 'hank@example.com'),
('blog38', 'eve@example.com'),
('blog38', 'frank@example.com'),
('blog39', 'alice@example.com'),
('blog39', 'bob@example.com'),
('blog40', 'charlie@example.com'),
('blog40', 'dave@example.com'),
('blog41', 'eve@example.com'),
('blog41', 'hank@example.com'),
('blog42', 'frank@example.com'),
('blog42', 'grace@example.com'),
('blog43', 'alice@example.com'),
('blog43', 'bob@example.com'),
('blog44', 'charlie@example.com'),
('blog44', 'dave@example.com'),
('blog45', 'eve@example.com'),
('blog45', 'hank@example.com'),
('blog46', 'frank@example.com'),
('blog46', 'grace@example.com'),
('blog47', 'alice@example.com'),
('blog47', 'bob@example.com'),
('blog48', 'charlie@example.com'),
('blog48', 'dave@example.com'),
('blog49', 'eve@example.com'),
('blog49', 'hank@example.com'),
('blog50', 'frank@example.com'),
('blog50', 'grace@example.com'),
('blog51', 'alice@example.com'),
('blog51', 'bob@example.com'),
('blog52', 'charlie@example.com'),
('blog52', 'dave@example.com'),
('blog53', 'eve@example.com'),
('blog53', 'hank@example.com'),
('blog54', 'frank@example.com'),
('blog54', 'grace@example.com'),
('blog55', 'alice@example.com'),
('blog55', 'bob@example.com'),
('blog56', 'charlie@example.com'),
('blog56', 'dave@example.com'),
('blog57', 'eve@example.com'),
('blog57', 'hank@example.com'),
('blog58', 'frank@example.com'),
('blog58', 'grace@example.com'),
('blog59', 'alice@example.com'),
('blog59', 'bob@example.com'),
('blog60', 'charlie@example.com'),
('blog60', 'dave@example.com'),
('blog61', 'eve@example.com'),
('blog61', 'hank@example.com'),
('blog62', 'frank@example.com'),
('blog62', 'grace@example.com'),
('blog63', 'alice@example.com'),
('blog63', 'bob@example.com'),
('blog64', 'charlie@example.com'),
('blog64', 'dave@example.com'),
('blog65', 'eve@example.com'),
('blog65', 'hank@example.com'),
('blog66', 'frank@example.com'),
('blog66', 'grace@example.com'),
('blog67', 'alice@example.com'),
('blog67', 'bob@example.com'),
('blog68', 'charlie@example.com'),
('blog68', 'dave@example.com'),
('blog69', 'eve@example.com'),
('blog69', 'hank@example.com'),
('blog70', 'frank@example.com'),
('blog70', 'grace@example.com'),
('blog71', 'alice@example.com'),
('blog71', 'bob@example.com'),
('blog72', 'charlie@example.com'),
('blog72', 'dave@example.com'),
('blog73', 'alice@example.com'),
('blog73', 'bob@example.com'),
('blog74', 'charlie@example.com'),
('blog74', 'dave@example.com'),
('blog75', 'alice@example.com'),
('blog75', 'bob@example.com'),
('blog76', 'frank@example.com'),
('blog76', 'grace@example.com'),
('blog77', 'eve@example.com'),
('blog77', 'hank@example.com'),
('blog78', 'eve@example.com'),
('blog78', 'frank@example.com'),
('blog79', 'alice@example.com'),
('blog79', 'bob@example.com'),
('blog80', 'charlie@example.com'),
('blog80', 'dave@example.com'),
('blog81', 'eve@example.com'),
('blog81', 'hank@example.com'),
('blog82', 'frank@example.com'),
('blog82', 'grace@example.com');


INSERT INTO BLOG_SAVES (BLOG_ID, USER_EMAIL) VALUES 
('blog1', 'bob@example.com'),
('blog1', 'charlie@example.com'),
('blog2', 'alice@example.com'),
('blog2', 'dave@example.com'),
('blog3', 'alice@example.com'),
('blog3', 'bob@example.com'),
('blog4', 'frank@example.com'),
('blog4', 'grace@example.com'),
('blog5', 'eve@example.com'),
('blog5', 'hank@example.com'),
('blog6', 'eve@example.com'),
('blog6', 'frank@example.com'),
('blog7', 'alice@example.com'),
('blog7', 'bob@example.com'),
('blog8', 'charlie@example.com'),
('blog8', 'dave@example.com'),
('blog9', 'eve@example.com'),
('blog9', 'hank@example.com'),
('blog10', 'frank@example.com'),
('blog10', 'grace@example.com'),
('blog11', 'alice@example.com'),
('blog11', 'bob@example.com'),
('blog12', 'charlie@example.com'),
('blog12', 'dave@example.com'),
('blog13', 'eve@example.com'),
('blog13', 'hank@example.com'),
('blog14', 'frank@example.com'),
('blog14', 'grace@example.com'),
('blog15', 'alice@example.com'),
('blog15', 'bob@example.com'),
('blog16', 'charlie@example.com'),
('blog16', 'dave@example.com'),
('blog1', 'bob@example.com'),
('blog1', 'charlie@example.com'),
('blog1', 'dave@example.com'),
('blog1', 'eve@example.com'),
('blog17', 'frank@example.com'),
('blog17', 'grace@example.com'),
('blog17', 'hank@example.com'),
('blog17', 'bob@example.com'),
('blog18', 'charlie@example.com'),
('blog18', 'dave@example.com'),
('blog18', 'eve@example.com'),
('blog18', 'frank@example.com'),
('blog19', 'alice@example.com'),
('blog19', 'bob@example.com'),
('blog20', 'frank@example.com'),
('blog20', 'grace@example.com'),
('blog21', 'eve@example.com'),
('blog21', 'hank@example.com'),
('blog22', 'eve@example.com'),
('blog22', 'frank@example.com'),
('blog23', 'alice@example.com'),
('blog23', 'bob@example.com'),
('blog24', 'charlie@example.com'),
('blog24', 'dave@example.com'),
('blog25', 'eve@example.com'),
('blog25', 'hank@example.com'),
('blog26', 'frank@example.com'),
('blog26', 'grace@example.com'),
('blog27', 'alice@example.com'),
('blog27', 'bob@example.com'),
('blog28', 'charlie@example.com'),
('blog28', 'dave@example.com'),
('blog29', 'eve@example.com'),
('blog29', 'hank@example.com'),
('blog30', 'frank@example.com'),
('blog30', 'grace@example.com'),
('blog31', 'alice@example.com'),
('blog31', 'bob@example.com'),
('blog32', 'charlie@example.com'),
('blog32', 'dave@example.com'),
('blog33', 'alice@example.com'),
('blog33', 'bob@example.com'),
('blog34', 'charlie@example.com'),
('blog34', 'dave@example.com'),
('blog35', 'alice@example.com'),
('blog35', 'bob@example.com'),
('blog36', 'frank@example.com'),
('blog36', 'grace@example.com'),
('blog37', 'eve@example.com'),
('blog37', 'hank@example.com'),
('blog38', 'eve@example.com'),
('blog38', 'frank@example.com'),
('blog39', 'alice@example.com'),
('blog39', 'bob@example.com'),
('blog40', 'charlie@example.com'),
('blog40', 'dave@example.com'),
('blog41', 'eve@example.com'),
('blog41', 'hank@example.com'),
('blog42', 'frank@example.com'),
('blog42', 'grace@example.com'),
('blog43', 'alice@example.com'),
('blog43', 'bob@example.com'),
('blog44', 'charlie@example.com'),
('blog44', 'dave@example.com'),
('blog45', 'eve@example.com'),
('blog45', 'hank@example.com'),
('blog46', 'frank@example.com'),
('blog46', 'grace@example.com'),
('blog47', 'alice@example.com'),
('blog47', 'bob@example.com'),
('blog48', 'charlie@example.com'),
('blog48', 'dave@example.com'),
('blog49', 'eve@example.com'),
('blog49', 'hank@example.com'),
('blog50', 'frank@example.com'),
('blog50', 'grace@example.com'),
('blog51', 'alice@example.com'),
('blog51', 'bob@example.com'),
('blog52', 'charlie@example.com'),
('blog52', 'dave@example.com'),
('blog53', 'eve@example.com'),
('blog53', 'hank@example.com'),
('blog54', 'frank@example.com'),
('blog54', 'grace@example.com'),
('blog55', 'alice@example.com'),
('blog55', 'bob@example.com'),
('blog56', 'charlie@example.com'),
('blog56', 'dave@example.com'),
('blog57', 'eve@example.com'),
('blog57', 'hank@example.com'),
('blog58', 'frank@example.com'),
('blog58', 'grace@example.com'),
('blog59', 'alice@example.com'),
('blog59', 'bob@example.com'),
('blog60', 'charlie@example.com'),
('blog60', 'dave@example.com'),
('blog61', 'eve@example.com'),
('blog61', 'hank@example.com'),
('blog62', 'frank@example.com'),
('blog62', 'grace@example.com'),
('blog63', 'alice@example.com'),
('blog63', 'bob@example.com'),
('blog64', 'charlie@example.com'),
('blog64', 'dave@example.com'),
('blog65', 'eve@example.com'),
('blog65', 'hank@example.com'),
('blog66', 'frank@example.com'),
('blog66', 'grace@example.com'),
('blog67', 'alice@example.com'),
('blog67', 'bob@example.com'),
('blog68', 'charlie@example.com'),
('blog68', 'dave@example.com'),
('blog69', 'eve@example.com'),
('blog69', 'hank@example.com'),
('blog70', 'frank@example.com'),
('blog70', 'grace@example.com'),
('blog71', 'alice@example.com'),
('blog71', 'bob@example.com'),
('blog72', 'charlie@example.com'),
('blog72', 'dave@example.com'),
('blog73', 'alice@example.com'),
('blog73', 'bob@example.com'),
('blog74', 'charlie@example.com'),
('blog74', 'dave@example.com'),
('blog75', 'alice@example.com'),
('blog75', 'bob@example.com'),
('blog76', 'frank@example.com'),
('blog76', 'grace@example.com'),
('blog77', 'eve@example.com'),
('blog77', 'hank@example.com'),
('blog78', 'eve@example.com'),
('blog78', 'frank@example.com'),
('blog79', 'alice@example.com'),
('blog79', 'bob@example.com'),
('blog80', 'charlie@example.com'),
('blog80', 'dave@example.com'),
('blog81', 'eve@example.com'),
('blog81', 'hank@example.com'),
('blog82', 'frank@example.com'),
('blog82', 'grace@example.com');

-- Adding likes for the new blogs (random number from existing users)


-- Adding comments for blogs
INSERT INTO BLOG_COMMENTS (ID, BLOG_ID, USER_EMAIL, BODY) VALUES 
('comment1', 'blog1', 'bob@example.com', 'Comment by Bob on blog 1'),
('comment2', 'blog1', 'charlie@example.com', 'Comment by Charlie on blog 1'),
('comment3', 'blog2', 'alice@example.com', 'Comment by Alice on blog 2'),
('comment4', 'blog2', 'dave@example.com', 'Comment by Dave on blog 2'),
('comment5', 'blog3', 'alice@example.com', 'Comment by Alice on blog 3'),
('comment6', 'blog3', 'bob@example.com', 'Comment by Bob on blog 3'),
('comment7', 'blog4', 'frank@example.com', 'Comment by Frank on blog 4'),
('comment8', 'blog4', 'grace@example.com', 'Comment by Grace on blog 4'),
('comment9', 'blog5', 'eve@example.com', 'Comment by Eve on blog 5'),
('comment10', 'blog5', 'hank@example.com', 'Comment by Hank on blog 5'),
('comment11', 'blog6', 'eve@example.com', 'Comment by Eve on blog 6'),
('comment12', 'blog6', 'frank@example.com', 'Comment by Frank on blog 6'),
('comment13', 'blog7', 'alice@example.com', 'Comment by Alice on blog 7'),
('comment14', 'blog7', 'bob@example.com', 'Comment by Bob on blog 7'),
('comment15', 'blog8', 'charlie@example.com', 'Comment by Charlie on blog 8'),
('comment16', 'blog8', 'dave@example.com', 'Comment by Dave on blog 8'),
('comment17', 'blog9', 'eve@example.com', 'Comment by Eve on blog 9'),
('comment18', 'blog9', 'hank@example.com', 'Comment by Hank on blog 9'),
('comment19', 'blog10', 'frank@example.com', 'Comment by Frank on blog 10'),
('comment20', 'blog10', 'grace@example.com', 'Comment by Grace on blog 10'),
('comment21', 'blog11', 'alice@example.com', 'Comment by Alice on blog 11'),
('comment22', 'blog11', 'bob@example.com', 'Comment by Bob on blog 11'),
('comment23', 'blog12', 'charlie@example.com', 'Comment by Charlie on blog 12'),
('comment24', 'blog12', 'dave@example.com', 'Comment by Dave on blog 12'),
('comment25', 'blog13', 'eve@example.com', 'Comment by Eve on blog 13'),
('comment26', 'blog13', 'hank@example.com', 'Comment by Hank on blog 13'),
('comment27', 'blog14', 'frank@example.com', 'Comment by Frank on blog 14'),
('comment28', 'blog14', 'grace@example.com', 'Comment by Grace on blog 14'),
('comment29', 'blog15', 'alice@example.com', 'Comment by Alice on blog 15'),
('comment30', 'blog15', 'bob@example.com', 'Comment by Bob on blog 15'),
('comment31', 'blog16', 'charlie@example.com', 'Comment by Charlie on blog 16'),
('comment32', 'blog16', 'dave@example.com', 'Comment by Dave on blog 16'),
('comment33', 'blog1', 'bob@example.com', 'Great blog Alice!'),
('comment34', 'blog1', 'charlie@example.com', 'Very informative, thanks!'),
('comment35', 'blog1', 'dave@example.com', 'Loved the insights!'),
('comment36', 'blog1', 'eve@example.com', 'Thanks for sharing!'),
('comment37', 'blog17', 'frank@example.com', 'This was very helpful.'),
('comment38', 'blog17', 'grace@example.com', 'I learned a lot from this.'),
('comment39', 'blog17', 'hank@example.com', 'Good read!'),
('comment40', 'blog17', 'bob@example.com', 'Awesome blog!'),
('comment41', 'blog18', 'charlie@example.com', 'Very detailed, nice job.'),
('comment42', 'blog18', 'dave@example.com', 'Thanks for the information.'),
('comment43', 'blog18', 'eve@example.com', 'Well written!'),
('comment44', 'blog18', 'frank@example.com', 'Helpful post.'),
('comment45', 'blog19', 'alice@example.com', 'Comment by Alice on blog 19'),
('comment46', 'blog19', 'bob@example.com', 'Comment by Bob on blog 19'),
('comment47', 'blog20', 'charlie@example.com', 'Comment by Charlie on blog 20'),
('comment48', 'blog20', 'dave@example.com', 'Comment by Dave on blog 20'),
('comment49', 'blog21', 'alice@example.com', 'Comment by Alice on blog 21'),
('comment50', 'blog21', 'bob@example.com', 'Comment by Bob on blog 21'),
('comment51', 'blog22', 'frank@example.com', 'Comment by Frank on blog 22'),
('comment52', 'blog22', 'grace@example.com', 'Comment by Grace on blog 22'),
('comment53', 'blog23', 'eve@example.com', 'Comment by Eve on blog 23'),
('comment54', 'blog23', 'hank@example.com', 'Comment by Hank on blog 23'),
('comment55', 'blog24', 'eve@example.com', 'Comment by Eve on blog 24'),
('comment56', 'blog24', 'frank@example.com', 'Comment by Frank on blog 24'),
('comment57', 'blog25', 'alice@example.com', 'Comment by Alice on blog 25'),
('comment58', 'blog25', 'bob@example.com', 'Comment by Bob on blog 25'),
('comment59', 'blog26', 'charlie@example.com', 'Comment by Charlie on blog 26'),
('comment60', 'blog26', 'dave@example.com', 'Comment by Dave on blog 26'),
('comment61', 'blog27', 'eve@example.com', 'Comment by Eve on blog 27'),
('comment62', 'blog27', 'hank@example.com', 'Comment by Hank on blog 27'),
('comment63', 'blog28', 'frank@example.com', 'Comment by Frank on blog 28'),
('comment64', 'blog28', 'grace@example.com', 'Comment by Grace on blog 28'),
('comment65', 'blog29', 'alice@example.com', 'Comment by Alice on blog 29'),
('comment66', 'blog29', 'bob@example.com', 'Comment by Bob on blog 29'),
('comment67', 'blog30', 'charlie@example.com', 'Comment by Charlie on blog 30'),
('comment68', 'blog30', 'dave@example.com', 'Comment by Dave on blog 30'),
('comment69', 'blog31', 'alice@example.com', 'Comment by Alice on blog 31'),
('comment70', 'blog31', 'bob@example.com', 'Comment by Bob on blog 31'),
('comment71', 'blog32', 'frank@example.com', 'Comment by Frank on blog 32'),
('comment72', 'blog32', 'grace@example.com', 'Comment by Grace on blog 32'),
('comment73', 'blog33', 'eve@example.com', 'Comment by Eve on blog 33'),
('comment74', 'blog33', 'hank@example.com', 'Comment by Hank on blog 33'),
('comment75', 'blog34', 'eve@example.com', 'Comment by Eve on blog 34'),
('comment76', 'blog34', 'frank@example.com', 'Comment by Frank on blog 34'),
('comment77', 'blog35', 'alice@example.com', 'Comment by Alice on blog 35'),
('comment78', 'blog35', 'bob@example.com', 'Comment by Bob on blog 35'),
('comment79', 'blog36', 'charlie@example.com', 'Comment by Charlie on blog 36'),
('comment80', 'blog36', 'dave@example.com', 'Comment by Dave on blog 36'),
('comment81', 'blog37', 'eve@example.com', 'Comment by Eve on blog 37'),
('comment82', 'blog37', 'hank@example.com', 'Comment by Hank on blog 37'),
('comment83', 'blog38', 'frank@example.com', 'Comment by Frank on blog 38'),
('comment84', 'blog38', 'grace@example.com', 'Comment by Grace on blog 38'),
('comment85', 'blog39', 'alice@example.com', 'Comment by Alice on blog 39'),
('comment86', 'blog39', 'bob@example.com', 'Comment by Bob on blog 39'),
('comment87', 'blog40', 'charlie@example.com', 'Comment by Charlie on blog 40'),
('comment88', 'blog40', 'dave@example.com', 'Comment by Dave on blog 40'),
('comment89', 'blog41', 'alice@example.com', 'Comment by Alice on blog 41'),
('comment90', 'blog41', 'bob@example.com', 'Comment by Bob on blog 41'),
('comment91', 'blog42', 'frank@example.com', 'Comment by Frank on blog 42'),
('comment92', 'blog42', 'grace@example.com', 'Comment by Grace on blog 42'),
('comment93', 'blog43', 'eve@example.com', 'Comment by Eve on blog 43'),
('comment94', 'blog43', 'hank@example.com', 'Comment by Hank on blog 43'),
('comment95', 'blog44', 'eve@example.com', 'Comment by Eve on blog 44'),
('comment96', 'blog44', 'frank@example.com', 'Comment by Frank on blog 44'),
('comment97', 'blog45', 'alice@example.com', 'Comment by Alice on blog 45'),
('comment98', 'blog45', 'bob@example.com', 'Comment by Bob on blog 45'),
('comment99', 'blog46', 'charlie@example.com', 'Comment by Charlie on blog 46'),
('comment100', 'blog46', 'dave@example.com', 'Comment by Dave on blog 46'),
('comment101', 'blog47', 'eve@example.com', 'Comment by Eve on blog 47'),
('comment102', 'blog47', 'hank@example.com', 'Comment by Hank on blog 47'),
('comment103', 'blog48', 'frank@example.com', 'Comment by Frank on blog 48'),
('comment104', 'blog48', 'grace@example.com', 'Comment by Grace on blog 48'),
('comment105', 'blog49', 'alice@example.com', 'Comment by Alice on blog 49'),
('comment106', 'blog49', 'bob@example.com', 'Comment by Bob on blog 49'),
('comment107', 'blog50', 'charlie@example.com', 'Comment by Charlie on blog 50'),
('comment108', 'blog50', 'dave@example.com', 'Comment by Dave on blog 50'),
('comment109', 'blog51', 'alice@example.com', 'Comment by Alice on blog 51'),
('comment110', 'blog51', 'bob@example.com', 'Comment by Bob on blog 51'),
('comment111', 'blog52', 'frank@example.com', 'Comment by Frank on blog 52'),
('comment112', 'blog52', 'grace@example.com', 'Comment by Grace on blog 52'),
('comment113', 'blog53', 'eve@example.com', 'Comment by Eve on blog 53'),
('comment114', 'blog53', 'hank@example.com', 'Comment by Hank on blog 53'),
('comment115', 'blog54', 'eve@example.com', 'Comment by Eve on blog 54'),
('comment116', 'blog54', 'frank@example.com', 'Comment by Frank on blog 54'),
('comment117', 'blog55', 'alice@example.com', 'Comment by Alice on blog 55'),
('comment118', 'blog55', 'bob@example.com', 'Comment by Bob on blog 55'),
('comment119', 'blog56', 'charlie@example.com', 'Comment by Charlie on blog 56'),
('comment120', 'blog56', 'dave@example.com', 'Comment by Dave on blog 56'),
('comment121', 'blog57', 'eve@example.com', 'Comment by Eve on blog 57'),
('comment122', 'blog57', 'hank@example.com', 'Comment by Hank on blog 57'),
('comment123', 'blog58', 'frank@example.com', 'Comment by Frank on blog 58'),
('comment124', 'blog58', 'grace@example.com', 'Comment by Grace on blog 58'),
('comment125', 'blog59', 'alice@example.com', 'Comment by Alice on blog 59'),
('comment126', 'blog59', 'bob@example.com', 'Comment by Bob on blog 59'),
('comment127', 'blog60', 'charlie@example.com', 'Comment by Charlie on blog 60'),
('comment128', 'blog60', 'dave@example.com', 'Comment by Dave on blog 60'),
('comment129', 'blog61', 'alice@example.com', 'Comment by Alice on blog 61'),
('comment130', 'blog61', 'bob@example.com', 'Comment by Bob on blog 61'),
('comment131', 'blog62', 'frank@example.com', 'Comment by Frank on blog 62'),
('comment132', 'blog62', 'grace@example.com', 'Comment by Grace on blog 62'),
('comment133', 'blog63', 'eve@example.com', 'Comment by Eve on blog 63'),
('comment134', 'blog63', 'hank@example.com', 'Comment by Hank on blog 63'),
('comment135', 'blog64', 'eve@example.com', 'Comment by Eve on blog 64'),
('comment136', 'blog64', 'frank@example.com', 'Comment by Frank on blog 64'),
('comment137', 'blog65', 'alice@example.com', 'Comment by Alice on blog 65'),
('comment138', 'blog65', 'bob@example.com', 'Comment by Bob on blog 65'),
('comment139', 'blog66', 'charlie@example.com', 'Comment by Charlie on blog 66'),
('comment140', 'blog66', 'dave@example.com', 'Comment by Dave on blog 66'),
('comment141', 'blog67', 'eve@example.com', 'Comment by Eve on blog 67'),
('comment142', 'blog67', 'hank@example.com', 'Comment by Hank on blog 67'),
('comment143', 'blog68', 'frank@example.com', 'Comment by Frank on blog 68'),
('comment144', 'blog68', 'grace@example.com', 'Comment by Grace on blog 68'),
('comment145', 'blog69', 'alice@example.com', 'Comment by Alice on blog 69'),
('comment146', 'blog69', 'bob@example.com', 'Comment by Bob on blog 69'),
('comment147', 'blog70', 'charlie@example.com', 'Comment by Charlie on blog 70'),
('comment148', 'blog70', 'dave@example.com', 'Comment by Dave on blog 70'),
('comment149', 'blog71', 'alice@example.com', 'Comment by Alice on blog 71'),
('comment150', 'blog71', 'bob@example.com', 'Comment by Bob on blog 71'),
('comment151', 'blog72', 'frank@example.com', 'Comment by Frank on blog 72'),
('comment152', 'blog72', 'grace@example.com', 'Comment by Grace on blog 72'),
('comment153', 'blog73', 'eve@example.com', 'Comment by Eve on blog 73'),
('comment154', 'blog73', 'hank@example.com', 'Comment by Hank on blog 73'),
('comment155', 'blog74', 'eve@example.com', 'Comment by Eve on blog 74'),
('comment156', 'blog74', 'frank@example.com', 'Comment by Frank on blog 74'),
('comment157', 'blog75', 'alice@example.com', 'Comment by Alice on blog 75'),
('comment158', 'blog75', 'bob@example.com', 'Comment by Bob on blog 75'),
('comment159', 'blog76', 'charlie@example.com', 'Comment by Charlie on blog 76'),
('comment160', 'blog76', 'dave@example.com', 'Comment by Dave on blog 76'),
('comment161', 'blog77', 'eve@example.com', 'Comment by Eve on blog 77'),
('comment162', 'blog77', 'hank@example.com', 'Comment by Hank on blog 77'),
('comment163', 'blog78', 'frank@example.com', 'Comment by Frank on blog 78'),
('comment164', 'blog78', 'grace@example.com', 'Comment by Grace on blog 78');











